Date,Calories Burned,Steps,Distance,Floors,Minutes Sedentary,Minutes Lightly Active,Minutes Fairly Active,Minutes Very Active,Activity Calories,Time slept,Time woken,Minutes Asleep,Minutes Awake,Number of Awakenings,Time in Bed,Minutes REM Sleep,Minutes Light Sleep,Minutes Deep Sleep
2022-11-01,"3,014","11,255",9.16,14,"1,440",0,0,0,0,,,,,,,,,
2022-11-02,"3,367","15,863",12.69,28,"1,440",0,0,0,0,,,,,,,,,
2022-11-03,"3,239","13,978",11.18,18,"1,113",278,23,26,"1,683",,,,,,,,,
2022-11-04,"3,289","14,649",11.72,15,719,274,10,33,"1,730",12:05AM,6:49AM,364,40,1,404,,,
2022-11-05,"3,476","17,390",14.1,17,750,281,22,53,"1,976",3:24AM,8:58AM,328,6,0,334,,,
2022-11-06,"3,140","12,501",10,14,655,250,10,24,"1,477",1:22AM,7:38AM,358,18,0,376,,,
2022-11-07,"3,819","21,890",17.48,33,619,343,40,56,"2,440",1:41AM,8:03AM,364,18,0,382,,,
2022-11-08,"2,744","7,974",6.38,11,999,54,0,0,223,3:35AM,10:02AM,378,9,0,387,,,
2022-11-09,"3,221","13,214",10.6,15,"1,440",0,0,0,0,,,,,,,,,
2022-11-10,"3,552","16,392",13.26,18,"1,440",0,0,0,0,,,,,,,,,
2022-11-11,"3,039","11,459",9.17,9,"1,440",0,0,0,0,,,,,,,,,
2022-11-12,"3,093","12,880",10.26,12,"1,440",0,0,0,0,,,,,,,,,
2022-11-13,"2,694","6,478",5.19,8,"1,440",0,0,0,0,,,,,,,,,
2022-11-14,"2,943","10,415",8.33,11,"1,440",0,0,0,0,,,,,,,,,
2022-11-15,"3,468","16,088",12.86,28,"1,440",0,0,0,0,,,,,,,,,
2022-11-16,"3,165","12,874",10.27,31,"1,440",0,0,0,0,,,,,,,,,
2022-11-17,"2,830","10,960",8.79,17,"1,440",0,0,0,0,,,,,,,,,
2022-11-18,"1,921","5,793",4.63,5,"1,440",0,0,0,0,,,,,,,,,
2022-11-19,"2,731","7,697",6.16,6,"1,440",0,0,0,0,,,,,,,,,
2022-11-20,"3,091","10,669",8.54,15,"1,440",0,0,0,0,,,,,,,,,
2022-11-21,"2,866","9,954",8.03,14,817,177,8,26,"1,169",2:38AM,9:31AM,391,21,1,412,,,
2022-11-22,"3,576","16,407",13.31,15,745,463,4,0,"2,216",12:43AM,4:31AM,219,9,1,228,,,
2022-11-23,"2,893","9,920",7.94,16,834,217,5,17,"1,232",12:24AM,6:31AM,339,28,2,367,,,
2022-11-24,"3,595","17,618",14.36,15,662,408,2,19,"2,203",1:44AM,7:33AM,336,13,0,349,,,
2022-11-25,"3,497","18,823",15.06,31,"1,114",208,38,80,"1,971",,,,,,,,,
2022-11-26,"2,474","4,987",3.95,5,904,168,0,0,747,2:09AM,8:17AM,359,5,0,368,,,
2022-11-27,"2,678","7,195",5.77,5,957,155,12,10,866,3:07AM,8:14AM,292,14,1,306,,,
2022-11-28,"2,987","11,320",9.06,14,"1,440",0,0,0,0,,,,,,,,,
2022-11-29,"3,548","17,151",13.81,31,"1,440",0,0,0,0,,,,,,,,,
2022-11-30,"3,020","11,882",9.51,9,"1,440",0,0,0,0,,,,,,,,,
2022-08-01,"3,154","6,219",4.98,0,"1,440",0,0,0,0,,,,,,,,,
2022-08-02,"2,566","4,139",3.31,1,"1,440",0,0,0,0,,,,,,,,,
2022-08-03,"2,340","3,802",3.04,1,"1,440",0,0,0,0,,,,,,,,,
2022-08-04,"3,835","13,731",11.08,1,"1,440",0,0,0,0,,,,,,,,,
2022-08-05,"3,211","9,397",7.51,5,"1,440",0,0,0,0,,,,,,,,,
2022-08-06,"3,473","11,339",9.07,0,"1,440",0,0,0,0,,,,,,,,,
2022-08-07,"2,972","5,231",4.18,1,"1,440",0,0,0,0,,,,,,,,,
2022-08-08,"3,673","8,597",6.88,1,"1,440",0,0,0,0,,,,,,,,,
2022-08-09,"2,956","5,737",4.59,0,"1,440",0,0,0,0,,,,,,,,,
2022-08-10,"2,975","7,250",5.8,1,"1,440",0,0,0,0,,,,,,,,,
2022-08-11,"3,003","6,903",5.52,0,"1,440",0,0,0,0,,,,,,,,,
2022-08-12,"4,623","14,441",11.5,31,"1,440",0,0,0,0,,,,,,,,,
2022-08-13,"2,971","7,745",5.86,6,"1,440",0,0,0,0,,,,,,,,,
2022-08-14,"2,844","6,955",6.08,2,"1,440",0,0,0,0,,,,,,,,,
2022-08-15,"3,171","9,918",7.93,1,"1,440",0,0,0,0,,,,,,,,,
2022-08-16,"3,325","9,609",7.69,0,"1,440",0,0,0,0,,,,,,,,,
2022-08-17,"2,987","7,436",5.95,0,"1,440",0,0,0,0,,,,,,,,,
2022-08-18,"2,230","2,110",1.69,0,"1,440",0,0,0,0,,,,,,,,,
2022-08-19,"1,923",7,0.01,0,"1,440",0,0,0,0,,,,,,,,,
2022-08-20,"1,921",0,0,0,"1,440",0,0,0,0,,,,,,,,,
2022-08-21,"1,921",0,0,0,"1,440",0,0,0,0,,,,,,,,,
2022-08-22,"2,266","5,190",4.15,0,"1,440",0,0,0,0,,,,,,,,,
2022-08-23,"3,383","11,563",9.2,1,"1,440",0,0,0,0,,,,,,,,,
2022-08-24,"4,050","11,478",9.08,0,"1,440",0,0,0,0,,,,,,,,,
2022-08-25,"3,456","8,525",6.82,1,"1,440",0,0,0,0,,,,,,,,,
2022-08-26,"3,617","12,581",10.06,0,"1,440",0,0,0,0,,,,,,,,,
2022-08-27,"3,593","9,169",7.34,3,"1,384",35,17,4,318,,,,,,,,,
2022-08-28,"3,537","12,034",9.63,0,"1,101",244,57,38,"1,921",,,,,,,,,
2022-08-29,"4,834","13,822",11.06,15,997,183,94,166,"3,367",,,,,,,,,
2022-08-30,"3,559","7,174",5.73,1,"1,119",204,75,42,"1,880",,,,,,,,,
2022-08-31,"2,992","7,773",6.21,3,"1,202",194,15,29,"1,205",,,,,,,,,
2022-12-01,"3,407","17,777",14.17,25,"1,440",0,0,0,0,,,,,,,,,
2022-12-02,"2,867","9,848",7.79,17,"1,440",0,0,0,0,,,,,,,,,
2022-12-03,"2,706","9,274",7.46,2,"1,440",0,0,0,0,,,,,,,,,
2022-12-04,"2,475","4,990",3.99,2,"1,440",0,0,0,0,,,,,,,,,
2022-12-05,"3,084","12,712",10.1,25,"1,440",0,0,0,0,,,,,,,,,
2022-12-06,"3,210","13,142",10.56,30,"1,440",0,0,0,0,,,,,,,,,
2022-12-07,"1,964",289,0.23,0,"1,440",0,0,0,0,,,,,,,,,
2022-12-08,"2,455","5,765",4.59,9,"1,440",0,0,0,0,,,,,,,,,
2022-12-09,"2,707","8,067",6.45,12,"1,440",0,0,0,0,,,,,,,,,
2022-12-10,"2,649","7,239",5.79,7,"1,440",0,0,0,0,,,,,,,,,
2022-12-11,"2,466","4,350",3.47,4,"1,440",0,0,0,0,,,,,,,,,
2022-12-12,"3,339","14,853",11.92,20,"1,440",0,0,0,0,,,,,,,,,
2022-12-13,"3,001","10,969",8.78,14,"1,440",0,0,0,0,,,,,,,,,
2022-12-14,"2,945","10,378",8.26,14,"1,440",0,0,0,0,,,,,,,,,
2022-12-15,"3,099","11,649",9.32,10,"1,440",0,0,0,0,,,,,,,,,
2022-12-16,"2,661","7,843",6.3,7,"1,440",0,0,0,0,,,,,,,,,
2022-12-17,"1,977",323,0.26,0,"1,440",0,0,0,0,,,,,,,,,
2022-12-18,"2,152","2,389",1.97,6,777,58,0,0,281,1:10PM,2:55PM,100,5,1,105,,,
2022-12-18,"2,152","2,389",1.97,6,777,58,0,0,281,1:16AM,9:36AM,479,21,2,500,,,
2022-12-19,"1,922",0,0,0,"1,440",0,0,0,0,,,,,,,,,
2022-12-20,"1,921",0,0,0,"1,440",0,0,0,0,,,,,,,,,
2022-12-21,"1,921",0,0,0,"1,440",0,0,0,0,,,,,,,,,
2022-12-22,"1,921",0,0,0,"1,045",0,0,0,0,,,,,,,,,
2022-12-23,"3,324","12,782",10.32,10,710,419,8,6,"1,918",5:25PM,4:57AM,654,38,3,692,,,
2022-12-24,"2,024",592,0.47,0,"1,124",41,0,0,151,12:57AM,5:32AM,249,26,8,275,,,
2022-12-25,"1,921",0,0,0,"1,440",0,0,0,0,,,,,,,,,
2022-12-26,"3,111","12,371",9.87,8,787,239,8,49,"1,526",1:21AM,7:19AM,334,23,2,357,,,
2022-12-27,"3,223","13,762",10.95,11,602,315,11,10,"1,717",1:07AM,9:29AM,462,37,0,502,,,
2022-12-28,"1,921",0,0,0,"1,440",0,0,0,0,,,,,,,,,
2022-12-29,"1,921",0,0,0,"1,440",0,0,0,0,,,,,,,,,
2022-12-30,"1,921",0,0,0,"1,440",0,0,0,0,,,,,,,,,
2022-12-31,"1,921",0,0,0,"1,440",0,0,0,0,,,,,,,,,
2022-10-01,"3,159","11,965",9.55,9,748,206,37,31,"1,482",12:43AM,7:42AM,391,27,21,418,99,201,91
2022-10-02,"2,975","8,901",7.12,13,779,226,12,14,"1,260",12:48AM,7:37AM,372,37,14,409,93,212,67
2022-10-03,"3,660","13,004",10.53,14,752,299,24,39,"2,015",1:17AM,6:43AM,283,43,15,326,57,192,34
2022-10-04,"3,780","12,915",10.27,17,622,229,78,48,"2,123",11:21PM,6:44AM,384,59,24,443,90,219,75
2022-10-05,"3,525","14,711",11.71,21,609,305,35,37,"1,986",11:39PM,7:34AM,439,36,1,475,,,
2022-10-06,"3,613","13,924",11.05,19,792,330,27,37,"2,036",5:47AM,10:01AM,251,3,1,254,,,
2022-10-07,"4,347","16,475",12.87,20,640,301,104,73,"2,905",2:41AM,8:03AM,291,31,10,322,78,179,34
2022-10-08,"2,357","3,018",2.41,0,"1,273",42,23,16,499,4:05AM,5:31AM,85,1,0,86,,,
2022-10-09,"3,646","15,122",12.19,4,758,191,76,61,"1,983",12:40AM,6:34AM,346,7,1,354,,,
2022-10-10,"4,649","19,915",15.93,27,567,301,122,102,"3,296",1:10AM,6:58AM,333,12,3,348,,,
2022-10-11,"4,007","16,919",13.5,16,694,210,119,69,"2,444",12:37AM,6:25AM,316,32,17,348,53,236,27
2022-10-12,"3,664","12,193",9.73,17,687,382,34,11,"2,155",1:53AM,7:19AM,295,31,14,326,77,175,43
2022-10-13,"4,101","15,559",12.45,24,605,342,73,59,"2,661",12:57AM,6:58AM,326,35,18,361,91,158,77
2022-10-14,"3,463","12,957",10.28,22,761,278,35,9,"1,818",1:31AM,7:28AM,313,44,14,357,67,187,59
2022-10-15,"2,856","7,986",6.36,9,835,127,5,48,"1,093",1:19AM,8:24AM,408,17,2,425,,,
2022-10-16,"3,592","12,471",9.98,6,767,213,49,59,"1,926",3:07AM,8:59AM,339,13,3,352,,,
2022-10-17,"3,654","12,215",9.67,15,640,375,14,8,"2,088",1:50AM,8:33AM,359,44,25,403,69,246,44
2022-10-18,"3,561","11,313",9.05,15,744,281,55,24,"1,904",4:26AM,10:02AM,333,3,0,336,,,
2022-10-19,"3,675","11,105",8.86,23,686,348,38,15,"2,115",12:54AM,6:47AM,307,46,13,353,70,187,50
2022-10-20,"3,582","11,900",9.51,23,608,294,40,26,"1,935",11:46PM,7:38AM,411,61,19,472,107,254,50
2022-10-21,"3,607","14,248",11.4,11,755,316,29,28,"1,965",11:44PM,4:56AM,286,26,17,312,64,167,55
2022-10-22,"3,224","10,070",8.06,11,721,180,27,49,"1,452",12:19AM,8:02AM,391,72,20,463,110,218,63
2022-10-23,"2,917","7,128",5.7,0,890,200,32,9,"1,188",12:22AM,5:31AM,268,41,14,309,63,189,16
2022-10-24,"4,062","17,027",13.62,21,625,340,62,40,"2,517",12:16AM,6:30AM,327,46,16,373,86,230,11
2022-10-25,"4,353","18,627",14.9,23,480,456,46,37,"2,967",1:33AM,8:35AM,372,49,19,421,70,209,93
2022-10-26,"3,798","18,768",14.98,17,653,251,52,56,"2,161",12:17AM,7:26AM,386,42,17,428,88,224,74
2022-10-27,"4,361","15,447",12.41,25,515,392,93,42,"2,994",1:20AM,7:58AM,379,19,0,398,,,
2022-10-28,"3,573","15,257",12.21,18,660,362,20,12,"2,014",1:31AM,7:57AM,325,61,16,386,55,233,37
2022-10-29,"2,925","9,079",7.26,4,837,151,26,45,"1,212",1:34AM,7:56AM,337,44,16,381,89,213,35
2022-10-30,"1,921",0,0,0,"1,440",0,0,0,0,,,,,,,,,
2022-10-31,"2,667","15,230",12.13,16,"1,440",0,0,0,0,,,,,,,,,
2022-09-01,"3,274","11,244",8.96,1,757,289,22,12,"1,617",12:59AM,6:59AM,296,64,19,360,41,209,46
2022-09-02,"2,987","6,162",4.93,2,755,207,16,5,"1,163",1:48AM,9:25AM,411,46,32,457,100,242,69
2022-09-03,"4,845","14,346",11.48,1,466,307,263,26,"3,567",4:43AM,11:01AM,341,37,19,378,73,218,50
2022-09-04,"3,372","4,308",2.62,3,"1,053",232,31,13,"1,501",7:14AM,9:05AM,106,5,0,111,,,
2022-09-05,"5,876","17,183",13.54,4,181,407,248,127,"4,915",11:30AM,7:28PM,430,47,19,477,111,276,43
2022-09-06,"4,542","15,242",12.09,39,559,279,129,89,"3,126",9:22AM,3:46PM,324,60,32,384,46,229,49
2022-09-07,"4,610","18,658",14.93,20,955,275,91,119,"3,183",,,,,,,,,
2022-09-08,"3,433","11,761",9.36,19,"1,104",278,35,23,"1,824",,,,,,,,,
2022-09-09,"3,842","16,618",13.26,21,621,404,14,17,"2,324",11:49PM,6:14AM,341,43,20,384,93,195,53
2022-09-10,"3,822","15,450",12.34,17,603,279,97,50,"2,377",12:51AM,7:42AM,351,60,6,411,,,
2022-09-11,"3,252","6,504",5.2,4,697,297,30,5,"1,611",12:39AM,7:30AM,379,32,1,411,,,
2022-09-12,"4,014","14,515",11.54,44,728,260,81,62,"2,453",1:22AM,6:31AM,294,15,1,309,,,
2022-09-13,"4,138","15,570",12.42,22,603,320,55,55,"2,568",11:57PM,6:44AM,341,66,15,407,83,192,66
2022-09-14,"4,381","17,978",14.22,29,566,417,80,44,"3,008",2:38AM,8:11AM,294,39,20,333,51,175,68
2022-09-15,"3,932","16,129",12.99,23,614,389,45,44,"2,506",12:58AM,6:46AM,305,43,22,348,57,167,81
2022-09-16,"3,261","11,664",9.25,12,966,222,14,19,"1,442",3:08AM,6:47AM,215,4,1,219,,,
2022-09-17,"3,470","14,268",11.28,24,"1,116",273,8,43,"1,825",,,,,,,,,
2022-09-18,"4,727","31,187",24.92,20,783,380,150,63,"3,418",2:48AM,3:52AM,61,3,1,64,,,
2022-09-19,"3,190","13,380",10.75,13,"1,111",191,50,23,"1,529",2:50AM,3:55AM,60,5,0,65,,,
2022-09-20,"3,826","11,361",9.04,13,628,310,42,22,"2,011",2:28AM,9:46AM,395,43,19,438,103,216,76
2022-09-21,"4,476","16,319",13.05,29,517,406,83,58,"3,111",12:37AM,6:53AM,333,43,12,376,102,168,63
2022-09-22,"3,686","13,327",10.53,12,654,366,63,8,"2,178",4:19AM,10:08AM,317,32,20,349,86,178,53
2022-09-23,"3,437","12,832",10.22,14,728,169,51,60,"1,737",1:45AM,8:57AM,395,37,16,432,131,210,54
2022-09-24,"4,226","17,140",13.6,15,639,279,108,72,"2,816",3:30AM,9:13AM,302,40,21,342,56,185,61
2022-09-25,"2,801","8,558",6.7,9,955,74,77,19,"1,061",5:30AM,10:45AM,308,7,0,315,,,
2022-09-26,"3,590","11,000",8.8,20,836,148,27,89,"1,834",3:13AM,8:53AM,316,24,3,340,,,
2022-09-27,"4,522","21,860",17.49,25,646,382,63,78,"3,113",1:27AM,5:58AM,237,34,18,271,29,180,28
2022-09-28,"3,503","13,117",10.45,16,673,288,43,26,"1,899",12:56AM,7:21AM,339,46,17,385,104,170,65
2022-09-29,"3,322","9,500",7.56,8,720,208,51,42,"1,685",11:35PM,6:59AM,394,50,2,444,,,
2022-09-30,"1,921",0,0,0,"1,440",0,0,0,0,,,,,,,,,
2022-03-01,"3,505","13,208",10.37,21,729,288,48,35,"1,949",3:06AM,8:46AM,297,43,14,340,64,182,51
2022-03-02,"3,769","15,341",12.03,29,827,288,49,45,"2,185",3:07AM,6:59AM,226,5,1,231,,,
2022-03-03,"4,011","20,872",16.41,31,868,281,40,87,"2,493",4:39AM,7:23AM,154,10,2,164,,,
2022-03-04,"3,440","13,150",10.29,25,722,279,27,27,"1,829",1:16AM,7:41AM,342,43,19,385,83,220,39
2022-03-05,"3,495","15,595",12.31,13,"1,065",310,16,49,"2,015",,,,,,,,,
2022-03-06,"3,067","10,280",8.03,15,692,281,5,13,"1,464",3:01AM,10:30AM,410,39,23,449,107,221,82
2022-03-07,"2,046",975,0.77,0,"1,151",48,0,0,188,3:02AM,7:03AM,211,30,12,241,10,162,39
2022-03-08,"1,900",0,0,0,"1,440",0,0,0,0,,,,,,,,,
2022-03-09,"3,425","8,467",6.62,22,"1,133",235,39,33,"1,875",,,,,,,,,
2022-03-10,"3,276","9,673",7.48,14,773,260,26,17,"1,562",6:35AM,12:39PM,318,46,15,364,106,156,56
2022-03-11,"3,751","12,843",9.96,25,691,364,34,10,"2,185",6:05AM,11:46AM,296,45,12,341,72,161,63
2022-03-12,"4,623","25,350",19.88,13,478,314,87,131,"3,307",4:24AM,11:34AM,376,54,19,430,111,182,83
2022-03-13,"3,366","15,142",11.89,18,842,192,16,83,"1,780",4:16AM,9:24AM,269,38,9,307,35,216,18
2022-03-14,"3,503","11,676",9.13,34,736,261,37,36,"1,847",2:24AM,8:34AM,344,26,1,370,,,
2022-03-15,"3,405","12,278",9.61,35,767,274,30,16,"1,758",1:53AM,7:46AM,306,47,5,353,,,
2022-03-16,"4,363","24,032",18.83,33,611,342,41,96,"2,969",1:54AM,7:45AM,305,45,4,350,,,
2022-03-17,"3,304","11,084",8.67,18,789,275,17,16,"1,647",2:52AM,8:35AM,298,45,14,343,63,183,52
2022-03-18,"4,486","26,858",21.07,21,555,270,65,142,"3,120",11:42PM,6:30AM,357,51,18,408,93,186,78
2022-03-19,"3,050","9,190",7.21,7,662,272,12,9,"1,411",3:14AM,11:19AM,425,60,15,485,101,260,64
2022-03-20,"3,389","14,070",10.98,31,670,242,34,42,"1,812",3:01AM,10:33AM,397,55,24,452,99,232,66
2022-03-21,"3,175","10,946",8.57,17,921,299,11,10,"1,564",8:10AM,11:29AM,178,21,8,199,44,107,27
2022-03-22,"3,096","9,411",7.35,20,744,240,16,9,"1,387",2:11AM,9:22AM,372,59,22,431,81,227,64
2022-03-23,"3,856","17,802",13.97,30,"1,044",294,39,63,"2,324",,,,,,,,,
2022-03-24,"3,672","13,717",10.73,23,744,314,57,28,"2,136",5:05AM,10:02AM,261,36,13,297,66,150,45
2022-03-25,"3,795","15,678",12.31,15,678,353,39,25,"2,293",3:58AM,9:43AM,327,18,1,345,,,
2022-03-26,"4,569","25,327",19.83,33,531,232,88,153,"3,240",3:07AM,10:24AM,415,20,1,436,,,
2022-03-27,"3,395","14,097",11.02,25,785,167,71,62,"1,804",4:17AM,10:12AM,309,46,16,355,70,203,36
2022-03-28,"3,547","15,925",12.5,34,839,275,35,33,"1,973",3:40AM,7:58AM,232,26,12,258,67,108,57
2022-03-29,"3,861","16,567",13.01,27,705,263,79,41,"2,275",1:51AM,7:43AM,313,39,19,352,73,206,34
2022-03-30,"2,266","2,184",1.69,0,954,88,6,0,439,2:23AM,8:55AM,332,60,22,392,51,225,56
2022-03-31,"3,469","10,898",8.51,10,556,214,65,33,"1,778",10:12PM,7:44AM,482,90,29,572,39,373,70
2022-01-01,"3,737","10,658",8.37,1,678,251,72,39,"2,057",6:10AM,12:51PM,346,54,26,400,66,234,46
2022-01-02,"3,429","9,028",7.08,9,716,208,48,53,"1,827",2:42AM,9:37AM,385,30,1,415,,,
2022-01-03,"2,662","7,934",6.23,0,"1,306",58,19,57,911,,,,,,,,,
2022-01-04,"2,212",593,0.47,0,"1,058",69,0,0,338,5:07AM,10:21AM,264,49,10,313,63,149,52
2022-01-05,"2,860","3,886",3.05,1,863,211,0,0,"1,043",5:21AM,11:27AM,340,26,1,366,,,
2022-01-06,"2,994","6,128",4.81,1,805,193,28,7,"1,163",6:56AM,1:43PM,369,38,24,407,90,191,88
2022-01-07,"2,737","5,170",4.06,0,888,194,3,5,952,7:13AM,1:03PM,339,11,0,350,,,
2022-01-08,"4,170","19,808",14.63,0,670,267,127,50,"2,655",7:48AM,1:15PM,316,8,1,326,,,
2022-01-09,"4,022","19,310",15.15,7,760,240,146,50,"2,615",7:18AM,11:23AM,236,8,1,244,,,
2022-01-10,"3,194","6,449",5.06,1,713,199,44,13,"1,400",7:50AM,3:41PM,434,37,29,471,65,305,64
2022-01-11,"3,604","8,323",6.45,1,592,274,71,16,"2,002",7:15AM,3:22PM,424,63,32,487,96,286,42
2022-01-12,"1,904",0,0,0,"1,440",0,0,0,0,,,,,,,,,
2022-01-13,"2,699","5,938",4.63,0,"1,277",130,18,15,917,,,,,,,,,
2022-01-14,"4,021","2,611",1.96,5,702,186,221,16,"2,489",1:46PM,7:01PM,294,21,3,315,,,
2022-01-15,"4,496","4,857",3.68,9,907,273,102,87,"2,897",7:41AM,8:52AM,70,1,0,71,,,
2022-01-16,"5,034","14,388",11.24,1,262,434,184,59,"3,944",10:53PM,7:14AM,467,34,21,501,147,250,70
2022-01-17,"4,109","13,491",10.59,39,680,225,89,81,"2,516",12:26AM,6:31AM,345,19,1,365,,,
2022-01-18,"3,400","10,336",8.07,5,788,326,8,8,"1,726",12:32AM,5:42AM,283,27,16,310,48,179,56
2022-01-19,"3,430","9,121",7.16,8,669,279,43,15,"1,839",12:23AM,7:37AM,376,58,20,434,93,183,100
2022-01-20,"3,736","10,915",8.56,7,674,310,53,23,"2,148",12:38AM,6:59AM,352,28,15,380,74,210,68
2022-01-21,"5,610","22,016",17.23,12,521,339,203,149,"4,487",1:54AM,5:43AM,220,8,1,228,,,
2022-01-22,"3,121","6,463",4.97,3,742,208,24,16,"1,364",12:40AM,8:10AM,399,51,20,450,98,250,51
2022-01-23,"3,545","13,500",10.49,9,723,304,19,47,"1,931",1:11AM,6:58AM,312,35,11,347,75,182,55
2022-01-24,"4,002","16,071",12.59,16,704,270,57,73,"2,426",12:07AM,5:44AM,302,34,13,336,57,208,37
2022-01-25,"3,687","13,234",10.38,13,707,281,42,29,"2,027",1:55AM,8:16AM,349,32,16,381,100,175,74
2022-01-26,"3,870","14,409",11.31,20,761,260,71,52,"2,299",3:05AM,8:01AM,268,28,11,296,65,142,61
2022-01-27,"1,925",241,0.19,0,"1,435",5,0,0,26,,,,,,,,,
2022-01-28,"3,675","12,126",9.5,19,"1,121",211,71,37,"1,959",,,,,,,,,
2022-01-29,"4,485","14,406",11.18,5,427,276,149,72,"3,097",2:39AM,11:16AM,465,51,18,516,101,294,70
2022-01-30,"3,836","11,488",8.75,9,673,295,59,50,"2,254",1:51AM,7:54AM,321,42,21,363,92,229,0
2022-01-31,"4,174","15,539",11.87,18,698,329,78,59,"2,686",12:55AM,5:31AM,256,20,2,276,,,
2022-05-01,"4,488","22,302",17.49,133,629,327,68,115,"3,166",4:07AM,9:08AM,266,35,8,301,71,144,51
2022-05-02,"4,030","16,149",12.6,9,489,483,52,18,"2,791",2:11AM,8:50AM,361,37,12,398,107,200,54
2022-05-03,"4,214","20,197",15.81,11,575,423,25,76,"2,878",2:27AM,8:08AM,324,17,3,341,,,
2022-05-04,"2,955","9,127",7.16,7,717,272,9,19,"1,364",1:29AM,8:32AM,394,29,20,423,104,235,55
2022-05-05,"3,239","9,620",7.68,9,666,283,13,21,"1,600",11:51PM,7:28AM,404,53,23,457,62,285,57
2022-05-06,"4,311","14,968",11.79,26,675,289,94,86,"2,923",12:26AM,5:22AM,275,21,11,296,78,158,39
2022-05-07,"4,657","17,875",14.03,16,556,207,167,130,"3,343",2:57AM,9:17AM,333,47,13,380,94,204,35
2022-05-08,"3,367","8,734",6.86,6,748,302,21,12,"1,704",1:36AM,7:33AM,354,3,0,357,,,
2022-05-09,"3,599","12,619",9.85,3,737,244,93,38,"2,073",2:08AM,7:36AM,296,32,18,328,86,159,51
2022-05-10,"3,089","8,230",6.46,7,699,252,9,6,"1,382",1:24AM,9:19AM,430,44,25,474,98,286,46
2022-05-11,"4,714","22,419",17.57,21,672,192,72,195,"3,308",3:53AM,9:03AM,278,31,14,309,59,153,66
2022-05-12,"4,000","15,492",12.12,37,611,227,73,84,"2,448",12:35AM,8:00AM,398,47,23,445,111,203,84
2022-05-13,"2,884","10,008",7.86,5,826,116,14,64,"1,208",2:43AM,9:43AM,366,54,23,420,60,238,68
2022-05-14,"3,840","16,590",12.97,31,679,306,49,59,"2,411",4:09AM,9:57AM,308,39,16,347,87,142,79
2022-05-15,"4,255","18,629",14.57,15,625,429,43,58,"2,948",4:15AM,9:01AM,259,26,12,285,72,134,53
2022-05-16,"4,120","14,612",11.47,9,548,318,100,52,"2,738",12:56AM,7:58AM,373,49,22,422,102,224,47
2022-05-17,"3,069","9,434",7.41,7,752,260,12,3,"1,413",1:25AM,8:19AM,373,40,12,413,85,257,31
2022-05-18,"4,245","18,223",14.31,15,664,240,68,127,"2,834",4:15AM,9:56AM,304,37,14,341,97,191,16
2022-05-19,"3,117","9,992",7.81,9,786,255,21,17,"1,477",1:52AM,7:53AM,333,27,1,361,,,
2022-05-20,"4,282","21,110",16.39,54,581,267,39,125,"2,849",12:51AM,7:59AM,380,48,20,428,99,231,50
2022-05-21,"4,216","18,705",14.65,27,671,263,62,104,"2,732",4:49AM,10:29AM,328,12,2,340,,,
2022-05-22,"2,608","4,594",3.61,3,881,188,16,3,885,3:06AM,8:58AM,348,4,1,352,,,
2022-05-23,"4,090","17,344",13.6,13,584,232,98,96,"2,629",12:36AM,7:46AM,376,54,23,430,94,234,48
2022-05-24,"3,298","10,891",8.55,8,748,257,23,26,"1,642",2:31AM,8:57AM,341,45,18,386,71,208,62
2022-05-25,"3,601","16,626",13.05,7,713,222,32,109,"2,108",12:55AM,6:59AM,320,44,16,364,65,232,23
2022-05-26,"3,480","13,075",10.23,4,729,262,38,49,"1,933",1:51AM,7:53AM,341,20,1,362,,,
2022-05-27,"4,658","16,519",12.88,14,568,223,137,136,"3,294",1:35AM,7:51AM,338,38,23,376,57,188,93
2022-05-28,"4,915","23,924",18.77,27,566,218,156,172,"3,690",2:27AM,7:55AM,289,39,16,328,31,217,41
2022-05-29,"3,510","11,109",8.72,58,710,243,47,42,"1,871",4:15AM,10:53AM,351,47,13,398,96,210,45
2022-05-30,"3,225","10,334",8.06,12,808,218,39,30,"1,538",12:13AM,5:58AM,313,32,15,345,62,220,31
2022-05-31,"3,686","10,201",7.96,9,697,293,64,30,"2,155",1:29AM,7:25AM,309,47,18,356,91,163,55
2022-07-01,"4,901","13,625",10.74,15,648,288,91,16,"2,225",5:43PM,10:42PM,264,35,20,299,52,155,57
2022-07-02,"3,894","11,644",9.16,7,674,412,48,13,"2,409",5:57PM,10:50PM,281,12,0,293,,,
2022-07-03,"2,445","3,075",2.41,2,"1,302",130,8,0,662,,,,,,,,,
2022-07-04,"2,556","5,688",4.55,1,849,161,15,8,822,10:09PM,4:57AM,352,55,18,407,92,183,77
2022-07-05,"4,060","13,035",10.43,8,515,386,66,32,"2,619",11:06PM,6:27AM,384,57,20,441,78,262,44
2022-07-06,"4,015","12,303",9.84,48,517,320,52,70,"2,591",2:24AM,10:25AM,444,37,0,481,,,
2022-07-07,"2,904","6,082",4.86,2,842,241,14,0,"1,200",2:35AM,8:18AM,309,34,14,343,69,205,35
2022-07-08,"2,773","8,458",6.77,1,846,107,20,43,"1,036",1:29AM,8:34AM,379,45,3,424,,,
2022-07-09,"3,806","20,795",16.33,54,658,325,70,25,"2,359",1:32AM,7:34AM,314,48,16,362,65,206,43
2022-07-10,"2,746","5,550",4.44,0,797,260,0,0,"1,078",12:56AM,6:08AM,280,32,0,312,,,
2022-07-11,"2,360","3,548",2.84,0,"1,030",87,5,13,515,1:28AM,6:33AM,267,38,14,305,62,152,53
2022-07-12,"2,738","4,584",3.67,0,669,157,24,1,921,12:47AM,10:36AM,516,73,28,589,95,349,72
2022-07-13,"3,175","5,210",4.17,0,781,184,45,30,"1,452",1:27AM,8:07AM,348,52,15,400,61,250,37
2022-07-14,"2,713","4,947",3.96,0,790,200,10,1,942,1:14AM,8:33AM,386,53,12,439,43,249,94
2022-07-15,"2,970","8,560",6.85,1,794,283,0,0,"1,323",1:55AM,7:58AM,330,25,1,363,,,
2022-07-16,"3,505","17,592",12.18,3,767,214,80,37,"1,912",2:27AM,8:09AM,321,21,1,342,,,
2022-07-17,"3,140","8,677",6.94,0,832,253,43,1,"1,473",2:16AM,7:27AM,281,30,14,311,61,198,22
2022-07-18,"3,461","8,419",6.74,1,736,259,49,19,"1,758",5:19AM,11:36AM,308,69,11,377,85,166,57
2022-07-19,"4,200","12,426",9.94,4,507,310,92,63,"2,793",3:27AM,11:16AM,455,13,0,468,,,
2022-07-20,"3,312","5,867",4.69,0,864,192,32,38,"1,538",4:08AM,9:22AM,276,38,19,314,41,178,57
2022-07-21,"3,440","7,558",6.05,1,879,184,71,6,"1,417",2:55AM,7:56AM,266,34,15,300,67,170,29
2022-07-22,"4,189","14,556",11.64,2,"1,440",0,0,0,0,,,,,,,,,
2022-07-23,"3,578","6,739",5.39,0,"1,440",0,0,0,0,,,,,,,,,
2022-07-24,"2,968","6,671",5.34,0,"1,440",0,0,0,0,,,,,,,,,
2022-07-25,"1,921","1,230",0.98,0,"1,440",0,0,0,0,,,,,,,,,
2022-07-26,"3,227","7,821",6.26,3,"1,440",0,0,0,0,,,,,,,,,
2022-07-27,"4,818","21,493",17.78,16,"1,440",0,0,0,0,,,,,,,,,
2022-07-28,"4,355","13,088",10.39,16,"1,440",0,0,0,0,,,,,,,,,
2022-07-29,"3,752","8,074",6.46,0,"1,440",0,0,0,0,,,,,,,,,
2022-07-30,"3,178","9,609",7.67,0,"1,440",0,0,0,0,,,,,,,,,
2022-07-31,"2,438","2,758",2.21,0,"1,440",0,0,0,0,,,,,,,,,
2022-02-01,"3,357","11,380",8.89,16,733,249,42,24,"1,730",1:27AM,7:59AM,350,42,17,392,108,215,27
2022-02-02,"4,640","20,903",16.2,26,586,277,118,118,"3,277",12:05AM,5:46AM,302,39,19,341,41,227,34
2022-02-03,"4,299","21,671",17,31,662,312,53,96,"2,864",12:52AM,6:09AM,294,23,17,317,64,154,76
2022-02-04,"3,901","16,511",12.96,35,644,387,37,15,"2,395",12:59AM,6:56AM,325,32,11,357,77,155,93
2022-02-05,"4,010","22,023",17.29,11,537,204,45,151,"2,566",2:24AM,10:47AM,454,49,24,503,112,283,59
2022-02-06,"2,928","8,064",6.33,10,791,265,0,0,"1,284",5:09AM,11:33AM,347,37,14,384,68,215,64
2022-02-07,"3,656","13,664",10.64,24,765,391,35,10,"2,192",3:33AM,7:33AM,212,27,11,239,41,131,40
2022-02-08,"2,835","8,331",6.48,19,874,225,4,5,"1,138",1:10AM,6:42AM,285,47,11,332,60,192,33
2022-02-09,"2,551","6,328",4.97,8,996,139,11,9,802,2:14AM,6:59AM,251,34,9,285,41,173,37
2022-02-10,"1,904",0,0,0,"1,440",0,0,0,0,,,,,,,,,
2022-02-11,"3,362","12,922",10.08,22,816,248,43,25,"1,769",1:38AM,6:47AM,284,24,14,308,59,151,74
2022-02-12,"3,883","22,000",17.27,15,630,186,61,120,"2,392",3:19AM,10:43AM,400,43,16,443,102,226,72
2022-02-13,"2,810","7,792",6.11,12,"1,251",161,7,21,"1,059",,,,,,,,,
2022-02-14,"3,449","12,861",10.01,17,808,361,29,8,"1,931",1:04AM,4:58AM,207,27,9,234,46,142,19
2022-02-15,"4,777","28,674",22.45,32,613,267,53,185,"3,481",1:15AM,6:37AM,276,46,16,322,67,203,6
2022-02-16,"3,528","13,392",10.49,20,731,298,45,15,"1,933",1:23AM,7:14AM,323,28,1,351,,,
2022-02-17,"3,766","15,777",12.38,15,654,190,85,77,"2,220",1:07AM,8:21AM,378,56,22,434,68,264,46
2022-02-18,"4,186","16,706",13.1,31,660,319,70,72,"2,769",12:26AM,5:46AM,282,37,18,319,75,180,27
2022-02-19,"3,923","16,895",13.17,11,647,308,47,81,"2,506",3:57AM,9:55AM,312,21,2,357,,,
2022-02-20,"4,394","22,843",17.92,25,817,500,80,43,"3,201",,,,,,,,,
2022-02-21,"3,960","20,558",16.14,32,385,191,91,108,"2,508",1:03AM,12:09PM,605,60,30,665,154,334,117
2022-02-22,"4,129","22,132",17.25,30,721,266,95,59,"2,558",2:01AM,7:00AM,292,7,0,299,,,
2022-02-23,"2,872","7,067",5.55,5,"1,074",252,0,0,"1,162",2:43AM,4:37AM,105,9,1,114,,,
2022-02-24,"4,573","25,398",19.92,17,572,324,48,148,"3,268",3:45AM,9:33AM,337,11,1,348,,,
2022-02-25,"3,169","10,025",7.8,16,627,311,9,5,"1,573",2:20AM,10:29AM,433,55,25,488,110,244,79
2022-02-26,"3,551","12,720",9.98,20,697,325,24,39,"2,044",3:21AM,9:16AM,327,28,19,355,89,185,53
2022-02-27,"4,627","24,210",18.95,23,577,297,118,111,"3,326",3:33AM,9:11AM,306,31,19,337,20,223,63
2022-02-28,"3,784","13,825",10.81,18,737,299,50,43,"2,228",1:46AM,6:57AM,273,38,12,311,61,178,34
2022-06-01,"3,943","15,076",11.83,22,628,274,102,56,"2,511",12:40AM,7:00AM,321,59,10,380,99,196,26
2022-06-02,"2,989","7,760",6.09,7,812,238,18,6,"1,330",12:46AM,6:52AM,342,24,17,366,71,231,40
2022-06-03,"5,054","28,192",22.06,70,457,379,116,126,"3,872",11:26PM,5:28AM,318,44,18,362,64,178,76
2022-06-04,"3,518","14,331",11.25,11,703,155,62,85,"1,965",2:21AM,9:37AM,396,39,14,435,101,215,80
2022-06-05,"3,385","13,455",10.5,2,645,301,10,34,"1,818",2:57AM,10:27AM,399,51,22,450,70,290,39
2022-06-06,"2,929","8,840",6.94,3,799,200,29,24,"1,281",1:32AM,8:00AM,343,45,19,388,68,224,51
2022-06-07,"4,540","20,989",16.41,38,561,312,89,109,"3,251",1:21AM,7:30AM,320,49,13,369,73,193,54
2022-06-08,"3,175","8,239",6.47,14,845,219,38,25,"1,512",1:45AM,6:58AM,281,32,1,313,,,
2022-06-09,"3,698","13,096",10.21,9,629,219,71,70,"2,147",12:48AM,8:19AM,379,72,29,451,77,249,53
2022-06-10,"3,918","17,629",13.81,19,715,235,70,85,"2,426",2:26AM,8:01AM,297,38,16,335,43,212,42
2022-06-11,"2,974","8,968",7.04,11,736,234,35,9,"1,350",12:50AM,7:56AM,381,45,23,426,91,236,54
2022-06-12,"2,512","4,903",3.85,5,908,160,0,0,758,1:45AM,7:58AM,328,44,27,372,42,249,37
2022-06-13,"3,704","16,648",12.99,18,636,313,39,43,"2,201",2:24AM,9:14AM,361,48,16,409,97,212,52
2022-06-14,"4,754","22,969",18.03,36,712,270,204,88,"3,459",1:38AM,4:24AM,157,6,1,166,,,
2022-06-15,"3,876","20,714",16.26,48,717,179,46,125,"2,376",12:44AM,6:57AM,345,28,15,373,73,229,43
2022-06-16,"4,277","19,353",14.71,31,631,218,40,134,"2,750",1:06AM,8:03AM,403,14,2,417,,,
2022-06-17,"3,729","13,449",10.73,18,683,231,59,68,"2,154",2:18AM,8:28AM,332,38,21,370,56,231,45
2022-06-18,"5,375","30,915",24.23,12,485,271,247,139,"4,285",11:30PM,4:58AM,301,27,2,328,,,
2022-06-19,"4,747","28,281",22.2,10,477,343,196,72,"3,614",11:20PM,5:12AM,310,42,18,352,56,204,50
2022-06-20,"2,958","9,914",7.75,4,740,200,12,45,"1,345",11:10PM,6:33AM,398,45,20,443,114,235,49
2022-06-21,"3,942","15,878",12.38,34,687,336,65,39,"2,516",12:16AM,5:30AM,311,2,0,313,,,
2022-06-22,"3,823","21,936",17.2,29,640,221,58,102,"2,373",1:37AM,8:36AM,385,34,20,419,67,273,45
2022-06-23,"4,458","24,909",19.55,27,637,241,67,152,"3,075",3:08AM,8:51AM,318,25,14,343,79,176,63
2022-06-24,"3,613","17,411",13.6,13,624,279,33,69,"2,158",2:18AM,9:33AM,388,47,17,435,73,250,65
2022-06-25,"6,230","33,868",26.59,21,382,268,360,172,"5,359",12:19AM,4:37AM,251,7,1,258,,,
2022-06-26,"5,995","37,078",29.17,25,292,266,392,116,"5,015",10:54PM,5:09AM,336,38,15,374,48,237,51
2022-06-27,"4,229","22,319",17.79,12,578,216,77,135,"2,783",1:26AM,8:40AM,382,52,21,434,93,244,45
2022-06-28,"3,164","9,054",7.24,17,805,285,16,5,"1,491",4:08AM,9:38AM,295,34,15,329,33,236,26
2022-06-29,"3,665","14,628",11.61,9,722,312,44,27,"2,121",5:24AM,10:59AM,302,33,14,335,62,190,50
2022-06-30,"4,901","13,625",10.74,15,618,407,116,57,"3,296",4:56AM,8:58AM,235,4,1,242,,,
2022-04-01,"4,653","25,059",19.6,42,549,300,105,127,"3,321",1:51AM,7:50AM,305,54,20,359,41,249,15
2022-04-02,"2,785","7,046",5.47,4,840,234,6,4,"1,079",6:17AM,12:13PM,325,31,1,356,,,
2022-04-03,"2,891","8,989",7.05,12,822,299,0,0,"1,303",5:27AM,10:46AM,269,50,14,319,59,126,84
2022-04-04,"2,995","10,457",8.21,24,772,294,1,9,"1,427",2:15AM,8:19AM,332,26,3,364,,,
2022-04-05,"2,724","7,706",6.05,14,818,228,7,4,"1,077",4:54AM,11:17AM,319,64,16,383,40,209,70
2022-04-06,"3,153","12,698",9.96,23,"1,184",161,42,53,"1,560",,,,,,,,,
2022-04-07,"2,998","10,211",7.97,22,840,214,20,21,"1,332",3:28AM,9:14AM,288,57,11,345,55,175,58
2022-04-08,"3,155","10,532",8.27,17,895,227,25,36,"1,548",4:18AM,8:35AM,231,26,13,257,45,137,49
2022-04-09,"3,324","14,286",11.19,23,619,181,31,68,"1,695",5:02AM,2:03PM,507,31,2,541,,,
2022-04-10,"2,839","8,930",7.01,14,891,163,44,7,"1,125",2:50PM,8:25PM,300,35,10,335,87,167,46
2022-04-11,"2,401","3,850",3.06,6,"1,323",117,0,0,601,,,,,,,,,
2022-04-12,"4,135","17,736",13.86,26,743,320,59,77,"2,690",6:23AM,10:24AM,214,27,13,241,49,118,47
2022-04-13,"3,568","13,710",10.69,10,465,238,17,73,"1,996",4:08AM,2:55PM,570,77,28,647,121,350,99
2022-04-14,"3,387","13,668",10.73,12,727,228,7,78,"1,836",6:51AM,1:31PM,355,45,20,400,77,223,55
2022-04-15,"2,586","4,868",3.82,4,759,185,7,2,879,7:10AM,3:17PM,424,63,22,487,63,296,65
2022-04-16,"2,569","4,921",3.86,1,969,177,0,0,792,6:44AM,11:38AM,260,34,11,294,33,172,55
2022-04-17,"3,226","11,144",8.74,13,736,254,3,26,"1,585",6:55AM,1:56PM,374,47,22,421,109,199,66
2022-04-18,"2,883","7,368",5.74,6,787,238,14,0,"1,201",7:24AM,2:05PM,369,32,18,401,68,204,97
2022-04-19,"4,097","17,511",13.69,40,709,276,70,90,"2,720",7:00AM,11:55AM,271,24,16,295,64,151,56
2022-04-20,"3,363","9,693",7.61,14,709,222,58,21,"1,690",6:20AM,1:30PM,373,57,17,430,102,234,37
2022-04-21,"5,044","25,268",19.82,19,609,246,72,216,"3,741",5:57AM,10:54AM,260,37,15,297,47,154,59
2022-04-22,"2,585","5,541",4.35,8,"1,272",153,8,7,852,,,,,,,,,
2022-04-23,"2,691","7,669",6,5,"1,284",102,24,30,942,,,,,,,,,
2022-04-24,"2,896","8,019",6.32,4,790,214,10,16,"1,207",12:25PM,7:15PM,364,46,22,410,75,231,58
2022-04-25,"2,937","6,980",5.47,3,"1,170",262,6,2,"1,231",,,,,,,,,
2022-04-26,"3,852","15,601",12.2,7,801,222,78,79,"2,332",11:40PM,4:00AM,247,13,8,260,42,177,28
2022-04-27,"3,855","12,663",9.94,8,615,316,86,50,"2,484",12:57AM,3:59AM,165,16,10,181,24,106,35
2022-04-28,"4,556","20,359",16.1,22,724,312,100,106,"3,224",6:33AM,9:51AM,176,22,8,198,51,95,30
2022-04-29,"3,502","13,385",10.51,15,694,383,15,1,"2,044",5:44AM,11:31AM,304,43,12,347,72,200,32
2022-04-30,"4,158","22,128",17.4,44,591,293,84,95,"2,819",5:56AM,12:13PM,340,37,12,377,75,257,8